complaint_id,race,year
15-0208,Other/NA,2015
15-0209,Black,2015
15-0210,Other/NA,2015
15-0211,White,2015
15-0212,Other/NA,2015
15-0213,Black,2015
15-0214,White,2015
15-0215,Black,2015
15-0216,Other/NA,2015
15-0217,White,2015
15-0218,White,2015
15-0219,White,2015
15-0220,Other/NA,2015
15-0221,White,2015
15-0222,Black,2015
15-0223,Black,2015
15-0224,Black,2015
15-0225,Black,2015
15-0226,Other/NA,2015
15-0227,Black,2015
15-0228,Black,2015
15-0229,Other/NA,2015
15-0230,Black,2015
15-0231,Other/NA,2015
15-0232,Black,2015
15-0233,White,2015
15-0234,Black,2015
15-0235,Black,2015
15-0236,Other/NA,2015
15-0237,White,2015
15-0238,Other/NA,2015
15-0239,Black,2015
15-0240,Black,2015
15-0241,Other/NA,2015
15-0242,Black,2015
15-0243,Other/NA,2015
15-0244,White,2015
15-0245,White,2015
15-0246,Other/NA,2015
15-0247,Black,2015
15-0248,Other/NA,2015
15-0249,White,2015
15-0250,Black,2015
15-0251,Black,2015
15-0252,Black,2015
15-0253,White,2015
15-0254,Black,2015
15-0255,White,2015
15-0256,White,2015
15-0257,White,2015
15-0258,White,2015
15-0259,Black,2015
15-0260,Black,2015
15-0261,Other/NA,2015
15-0262,Black,2015
15-0263,White,2015
15-0264,Black,2015
15-0265,Black,2015
15-0266,Black,2015
15-0267,Black,2015
15-0268,Black,2015
15-0269,Black,2015
15-0270,Black,2015
15-0271,Other/NA,2015
15-0272,Other/NA,2015
15-0273,Other/NA,2015
15-0274,White,2015
15-0275,Other/NA,2015
15-0276,White,2015
15-0277,Black,2015
15-0278,Black,2015
15-0279,White,2015
15-0280,Black,2015
15-0282,White,2015
15-0283,Black,2015
15-0284,Black,2015
15-0285,Black,2015
15-0286,Black,2015
15-0287,White,2015
15-0288,White,2015
15-0289,White,2015
15-0290,White,2015
15-0291,Black,2015
15-0292,White,2015
15-0293,Black,2015
15-0294,Other/NA,2015
15-0295,Black,2015
15-0296,Black,2015
15-0297,Black,2015
15-0298,Black,2015
15-0299,Black,2015
15-0300,White,2015
15-0301,Other/NA,2015
15-0302,White,2015
15-0303,Black,2015
15-0304,Black,2015
15-0305,Black,2015
15-0306,Black,2015
15-0307,Black,2015
15-0308,Black,2015
15-0309,White,2015
15-0310,White,2015
15-0311,Black,2015
15-0312,Other/NA,2015
15-0314,Black,2015
15-0315,White,2015
15-0316,Other/NA,2015
15-0317,Other/NA,2015
15-0318,Black,2015
15-0319,Other/NA,2015
15-0320,Black,2015
15-0321,Black,2015
15-0322,Other/NA,2015
15-0323,White,2015
15-0324,Black,2015
15-0325,Black,2015
15-0326,Other/NA,2015
15-0327,Other/NA,2015
15-0328,Black,2015
15-0329,Black,2015
15-0331,White,2015
15-0332,Other/NA,2015
15-0333,Other/NA,2015
15-0334,Black,2015
15-0335,Other/NA,2015
15-0336,White,2015
15-0337,White,2015
15-0338,Black,2015
15-0339,Black,2015
15-0340,Other/NA,2015
15-0341,White,2015
15-0342,Other/NA,2015
15-0343,Black,2015
15-0344,Black,2015
15-0345,Other/NA,2015
15-0346,Black,2015
15-0348,Black,2015
15-0349,Black,2015
15-0350,Black,2015
15-0351,White,2015
15-0352,Black,2015
15-0353,Other/NA,2015
15-0354,White,2015
15-0355,Black,2015
15-0356,Black,2015
15-0357,White,2015
15-0358,Black,2015
15-0359,Other/NA,2015
15-0360,Black,2015
15-0361,Other/NA,2015
15-0362,White,2015
15-0363,White,2015
15-0364,Black,2015
15-0365,Black,2015
15-0366,White,2015
15-0367,Black,2015
15-0368,Black,2015
15-0369,Black,2015
15-0370,Black,2015
15-0371,White,2015
15-0372,Black,2015
15-0373,Black,2015
15-0374,Other/NA,2015
15-0375,Black,2015
15-0376,White,2015
15-0377,White,2015
15-0378,Black,2015
15-0379,Other/NA,2015
15-0380,Black,2015
15-0381,Other/NA,2015
15-0382,White,2015
15-0383,Black,2015
15-0384,Black,2015
15-0385,Black,2015
15-0386,Black,2015
15-0387,Black,2015
15-0388,Black,2015
15-0389,White,2015
15-0390,Black,2015
15-0391,Other/NA,2015
15-0392,Other/NA,2015
15-0393,Black,2015
15-0394,White,2015
15-0395,Other/NA,2015
15-0396,Black,2015
15-0397,Black,2015
15-0398,Black,2015
15-0399,Black,2015
15-0400,Black,2015
15-0401,Other/NA,2015
15-0402,Black,2015
15-0403,White,2015
15-0404,Other/NA,2015
15-0405,Black,2015
15-0406,Black,2015
15-0407,Black,2015
15-0408,Black,2015
15-0409,White,2015
15-0410,Black,2015
15-0411,Black,2015
15-0412,White,2015
15-0413,White,2015
15-0414,White,2015
15-0415,Other/NA,2015
15-0416,Other/NA,2015
15-0417,Other/NA,2015
15-0418,Other/NA,2015
15-0419,White,2015
15-0420,Other/NA,2015
15-0421,White,2015
15-0422,Other/NA,2015
15-0423,Other/NA,2015
15-0424,White,2015
15-0425,White,2015
15-0426,White,2015
15-0427,White,2015
15-0428,Black,2015
15-0429,Black,2015
15-0430,Other/NA,2015
15-0431,White,2015
15-0432,Other/NA,2015
15-0433,Black,2015
15-0434,Black,2015
15-0435,White,2015
15-0436,Black,2015
15-0437,White,2015
15-0438,Black,2015
15-0439,Black,2015
15-0440,Black,2015
15-0441,Black,2015
15-0442,Black,2015
15-0443,Black,2015
15-0444,Black,2015
15-0445,Black,2015
15-0446,Black,2015
15-0447,Black,2015
15-0448,Other/NA,2015
15-0449,White,2015
15-0450,Other/NA,2015
15-0451,Other/NA,2015
15-0452,Black,2015
15-0453,Black,2015
15-0454,Black,2015
15-0455,White,2015
15-0456,Black,2015
15-0457,White,2015
15-0458,Black,2015
15-0459,Black,2015
15-0460,Other/NA,2015
15-0461,Other/NA,2015
15-0462,White,2015
15-0463,White,2015
15-0464,Black,2015
15-0465,Black,2015
15-0466,Black,2015
15-0467,Black,2015
15-0468,White,2015
15-0469,Black,2015
15-0470,Other/NA,2015
15-0471,Black,2015
15-0472,Black,2015
15-0473,Other/NA,2015
15-0474,Other/NA,2015
15-0475,Black,2015
15-0476,Black,2015
15-0477,Black,2015
15-0478,Black,2015
15-0479,Black,2015
15-0480,Black,2015
15-0481,White,2015
15-0482,Other/NA,2015
15-0483,Black,2015
15-0484,Black,2015
15-0485,Black,2015
15-0486,White,2015
15-0487,Black,2015
15-0488,White,2015
15-0489,Black,2015
15-0490,Black,2015
15-0491,Black,2015
15-0492,White,2015
15-0493,White,2015
15-0494,Black,2015
15-0495,White,2015
15-0496,White,2015
15-0497,Other/NA,2015
15-0498,Black,2015
15-0499,Other/NA,2015
15-0500,Other/NA,2015
15-0501,Black,2015
15-0502,Black,2015
15-0503,Black,2015
15-0504,Black,2015
15-0505,White,2015
15-0506,Other/NA,2015
15-0507,Black,2015
15-0508,Other/NA,2015
15-0509,Other/NA,2015
15-0510,White,2015
15-0511,Black,2015
15-0512,Black,2015
15-0513,Black,2015
15-0514,Other/NA,2015
15-0515,White,2015
15-0516,Black,2015
15-0517,Black,2015
15-0518,Black,2015
15-0519,White,2015
15-0520,Black,2015
15-0521,Black,2015
15-0522,White,2015
15-0523,Black,2015
15-0524,Black,2015
15-0525,Black,2015
15-0526,Black,2015
15-0527,Black,2015
15-0528,Black,2015
15-0529,Black,2015
15-0530,Black,2015
15-0531,White,2015
15-0532,Black,2015
15-0533,White,2015
15-0534,Black,2015
15-0535,Black,2015
15-0536,Black,2015
15-0537,Other/NA,2015
15-0538,Other/NA,2015
15-0539,Other/NA,2015
15-0540,Black,2015
15-0541,White,2015
15-0542,Black,2015
15-0543,Other/NA,2015
15-0544,Black,2015
15-0545,Black,2015
15-0546,White,2015
15-0547,Other/NA,2015
15-0548,White,2015
15-0549,White,2015
15-0550,Other/NA,2015
15-0551,Black,2015
15-0552,Black,2015
15-0553,White,2015
15-0554,Black,2015
15-0555,Other/NA,2015
15-0556,White,2015
15-0557,Black,2015
15-0558,Black,2015
15-0559,Other/NA,2015
15-0560,Black,2015
15-0561,White,2015
15-0562,Other/NA,2015
15-0563,Black,2015
15-0564,Black,2015
15-0565,Other/NA,2015
15-0566,Black,2015
15-0567,Black,2015
15-0568,Black,2015
15-0569,Black,2015
15-0570,Black,2015
15-0571,Black,2015
15-0572,Other/NA,2015
15-0573,Other/NA,2015
15-0574,Other/NA,2015
15-0575,Black,2015
15-0576,Black,2015
15-0577,Black,2015
15-0578,Black,2015
15-0579,Black,2015
15-0580,Other/NA,2015
15-0581,Black,2015
15-0582,Other/NA,2015
15-0583,Black,2015
15-0584,White,2015
15-0585,Other/NA,2015
15-0586,Other/NA,2015
15-0587,Black,2015
15-0588,Black,2015
15-0589,Black,2015
15-0590,Other/NA,2015
15-0591,Black,2015
15-0592,Black,2015
15-0593,White,2015
15-0594,Black,2015
15-0595,White,2015
15-0596,White,2015
15-0597,Other/NA,2015
15-0598,Black,2015
15-0599,Black,2015
15-0600,Black,2015
15-0601,Black,2015
15-0602,Black,2015
15-0603,Other/NA,2015
15-0604,Other/NA,2015
15-0605,Other/NA,2015
15-0606,White,2015
15-0607,White,2015
15-0608,Black,2015
15-0609,White,2015
15-0610,White,2015
15-0611,Black,2015
15-0612,Other/NA,2015
15-0613,Other/NA,2015
15-0614,Black,2015
15-0615,White,2015
15-0616,Black,2015
15-0617,Black,2015
15-0618,Other/NA,2015
15-0619,Black,2015
15-0620,Black,2015
15-0621,Other/NA,2015
15-0622,White,2015
15-0623,Other/NA,2015
15-0624,Black,2015
15-0625,Black,2015
15-0626,Other/NA,2015
15-0627,White,2015
15-0628,Black,2015
15-0629,Black,2015
15-0630,White,2015
15-0631,Black,2015
15-0632,Black,2015
15-0633,Black,2015
15-0634,Black,2015
15-0635,Other/NA,2015
15-0636,Black,2015
15-0637,Black,2015
15-0638,Black,2015
15-0639,White,2015
15-0640,Black,2015
15-0641,White,2015
15-0642,Black,2015
15-0643,White,2015
15-0644,White,2015
15-0645,Black,2015
15-0646,Other/NA,2015
15-0647,White,2015
15-0648,Black,2015
15-0649,Other/NA,2015
15-0650,Black,2015
15-0651,Black,2015
15-0652,White,2015
15-0653,Other/NA,2015
15-0654,White,2015
15-0655,White,2015
15-0656,Black,2015
15-0657,Black,2015
15-0658,White,2015
15-0659,Black,2015
15-0660,Black,2015
15-0661,Other/NA,2015
15-0662,White,2015
15-0663,Other/NA,2015
15-0664,Other/NA,2015
15-0665,Black,2015
15-0666,Other/NA,2015
15-0667,Black,2015
15-0668,Black,2015
15-0669,Other/NA,2015
15-0670,Black,2015
15-0671,Black,2015
15-0672,Black,2015
15-0673,White,2015
15-0674,Black,2015
15-0675,Black,2015
15-0676,White,2015
15-0677,Other/NA,2015
15-0678,White,2015
15-0679,Other/NA,2015
15-0680,Black,2015
15-0681,Black,2015
15-0682,Other/NA,2015
15-0683,Black,2015
15-0684,Black,2015
15-0685,Black,2015
15-0686,Other/NA,2015
15-0687,Black,2015
15-0688,Black,2015
15-0689,White,2015
15-0690,Black,2015
15-0691,White,2015
15-0692,Black,2015
15-0693,White,2015
15-0694,Black,2015
15-0695,Black,2015
15-0696,Other/NA,2015
15-0697,Black,2015
15-0699,Other/NA,2015
15-0700,White,2015
15-0701,Other/NA,2015
15-0702,White,2015
15-0703,White,2015
15-0704,Other/NA,2015
15-0705,White,2015
15-0706,Black,2015
15-0707,Other/NA,2015
15-0708,Other/NA,2015
15-0710,Black,2015
15-0711,White,2015
15-0712,Black,2015
15-0713,Black,2015
15-0714,Other/NA,2015
15-0715,White,2015
15-0716,Black,2015
15-0717,Black,2015
15-0718,Black,2015
15-0719,Black,2015
15-0720,White,2015
15-0721,Black,2015
15-0722,Black,2015
15-0723,Other/NA,2015
15-0724,Black,2015
15-0726,Black,2015
15-0728,Other/NA,2015
15-0729,White,2015
15-0730,Other/NA,2015
15-0731,Other/NA,2015
15-0732,Black,2015
15-0733,Other/NA,2015
15-0734,Black,2015
15-0735,Black,2015
15-0736,Other/NA,2015
15-0737,Black,2015
15-0738,Other/NA,2015
15-0739,Black,2015
15-0740,Black,2015
15-0741,Black,2015
15-0742,Black,2015
15-0743,Black,2015
15-0744,Black,2015
15-0745,Black,2015
15-0746,Black,2015
15-0747,Black,2015
15-0748,White,2015
15-0749,White,2015
15-0750,Other/NA,2015
15-0751,Black,2015
15-0752,White,2015
15-0753,White,2015
15-0754,Other/NA,2015
15-0755,White,2015
15-0756,Black,2015
15-0757,Other/NA,2015
15-0758,White,2015
15-0759,White,2015
15-0760,Black,2015
15-0761,Black,2015
15-0762,Black,2015
15-0763,White,2015
15-0764,Black,2015
15-0765,White,2015
15-0766,Other/NA,2015
15-0767,Black,2015
15-0768,White,2015
15-0769,Black,2015
15-0770,Black,2015
15-0771,Black,2015
15-0772,Black,2015
15-0773,Black,2015
15-0774,White,2015
15-0775,Other/NA,2015
15-0776,Black,2015
15-0777,Black,2015
15-0778,Black,2015
15-0779,Black,2015
15-0780,Black,2015
15-0781,White,2015
15-0782,White,2015
15-0783,White,2015
15-0784,Black,2015
15-0785,Other/NA,2015
15-0786,Other/NA,2015
15-0787,Other/NA,2015
15-0788,Black,2015
15-0789,Black,2015
15-0790,Black,2015
15-0791,White,2015
15-0792,Black,2015
16-0001,White,2016
16-0002,Black,2016
16-0003,Black,2016
16-0004,Black,2016
16-0005,Other/NA,2016
16-0006,Black,2016
16-0007,Black,2016
16-0008,Other/NA,2016
16-0009,Black,2016
16-0010,Other/NA,2016
16-0011,Black,2016
16-0012,Black,2016
16-0013,Black,2016
16-0014,Other/NA,2016
16-0015,Other/NA,2016
16-0016,White,2016
16-0017,Other/NA,2016
16-0018,Black,2016
16-0019,White,2016
16-0020,White,2016
16-0021,Other/NA,2016
16-0022,White,2016
16-0023,Black,2016
16-0024,White,2016
16-0025,Black,2016
16-0026,White,2016
16-0027,Other/NA,2016
16-0028,Black,2016
16-0029,Black,2016
16-0030,Black,2016
16-0031,Black,2016
16-0032,Black,2016
16-0033,White,2016
16-0034,Black,2016
16-0035,Black,2016
16-0036,Black,2016
16-0037,Black,2016
16-0038,White,2016
16-0039,Other/NA,2016
16-0040,Black,2016
16-0041,Black,2016
16-0042,Other/NA,2016
16-0043,White,2016
16-0044,White,2016
16-0045,Black,2016
16-0046,Black,2016
16-0047,White,2016
16-0048,Black,2016
16-0049,White,2016
16-0050,Black,2016
16-0051,Other/NA,2016
16-0052,White,2016
16-0053,Black,2016
16-0054,Other/NA,2016
16-0055,White,2016
16-0056,Black,2016
16-0057,Black,2016
16-0059,Black,2016
16-0060,White,2016
16-0061,Black,2016
16-0062,Black,2016
16-0063,Other/NA,2016
16-0064,Black,2016
16-0065,Other/NA,2016
16-0066,White,2016
16-0067,Black,2016
16-0068,Black,2016
16-0069,Other/NA,2016
16-0070,Black,2016
16-0071,Other/NA,2016
16-0072,Other/NA,2016
16-0073,Other/NA,2016
16-0074,Black,2016
16-0075,Black,2016
16-0076,White,2016
16-0077,Black,2016
16-0078,Black,2016
16-0079,Other/NA,2016
16-0080,Other/NA,2016
16-0081,White,2016
16-0082,Black,2016
16-0083,Other/NA,2016
16-0084,Black,2016
16-0085,Black,2016
16-0086,Other/NA,2016
16-0087,Black,2016
16-0088,Black,2016
16-0089,Other/NA,2016
16-0090,White,2016
16-0091,Other/NA,2016
16-0092,White,2016
16-0093,Black,2016
16-0094,Black,2016
16-0095,Black,2016
16-0096,Black,2016
16-0097,Black,2016
16-0098,Other/NA,2016
16-0099,Black,2016
16-0100,Black,2016
16-0101,Other/NA,2016
16-0102,Other/NA,2016
16-0103,Black,2016
16-0104,Black,2016
16-0105,White,2016
16-0106,Black,2016
16-0107,White,2016
16-0108,Black,2016
16-0109,White,2016
16-0110,Black,2016
16-0111,Black,2016
16-0112,Other/NA,2016
16-0113,Black,2016
16-0114,Black,2016
16-0115,Other/NA,2016
16-0116,Black,2016
16-0117,Other/NA,2016
16-0118,Other/NA,2016
16-0119,Black,2016
16-0120,Black,2016
16-0121,Black,2016
16-0122,White,2016
16-0123,White,2016
16-0124,Other/NA,2016
16-0125,Black,2016
16-0126,White,2016
16-0127,Black,2016
16-0128,Other/NA,2016
16-0129,Black,2016
16-0130,Black,2016
16-0131,Black,2016
16-0132,Black,2016
16-0133,White,2016
16-0134,Other/NA,2016
16-0135,Black,2016
16-0136,Black,2016
16-0137,Other/NA,2016
16-0138,Black,2016
16-0139,Black,2016
16-0140,Other/NA,2016
16-0141,Black,2016
16-0142,Black,2016
16-0143,Black,2016
16-0144,Other/NA,2016
16-0145,Other/NA,2016
16-0146,Black,2016
16-0147,White,2016
16-0148,Black,2016
16-0149,Black,2016
16-0150,Other/NA,2016
16-0152,Other/NA,2016
16-0153,Black,2016
16-0154,Other/NA,2016
16-0155,Other/NA,2016
16-0156,Black,2016
16-0157,Black,2016
16-0158,Black,2016
16-0159,Other/NA,2016
16-0160,White,2016
16-0161,Black,2016
16-0162,Black,2016
16-0163,Black,2016
16-0164,Black,2016
16-0165,Other/NA,2016
16-0166,Black,2016
16-0167,Black,2016
16-0168,Black,2016
16-0169,Other/NA,2016
16-0170,Black,2016
16-0171,White,2016
16-0172,Other/NA,2016
16-0173,Black,2016
16-0174,Other/NA,2016
16-0175,Black,2016
16-0176,Black,2016
16-0177,Black,2016
16-0178,Black,2016
16-0179,White,2016
16-0180,Black,2016
16-0181,Other/NA,2016
16-0182,Other/NA,2016
16-0183,Other/NA,2016
16-0184,White,2016
16-0185,Black,2016
16-0186,Black,2016
16-0187,Other/NA,2016
16-0188,White,2016
16-0190,Black,2016
16-0191,Other/NA,2016
16-0192,Other/NA,2016
16-0193,White,2016
16-0194,Other/NA,2016
16-0195,Black,2016
16-0196,White,2016
16-0197,Black,2016
16-0198,Black,2016
16-0199,Black,2016
16-0200,White,2016
16-0201,Black,2016
16-0202,Black,2016
16-0203,Black,2016
16-0204,Black,2016
16-0205,Black,2016
16-0206,Black,2016
16-0207,White,2016
16-0208,Other/NA,2016
16-0210,White,2016
16-0211,Black,2016
16-0212,White,2016
16-0213,Black,2016
16-0214,Black,2016
16-0215,Black,2016
16-0216,Other/NA,2016
16-0217,Black,2016
16-0218,Black,2016
16-0219,Black,2016
16-0220,Other/NA,2016
16-0221,Black,2016
16-0222,Black,2016
16-0223,Black,2016
16-0224,Black,2016
16-0225,Black,2016
16-0226,Other/NA,2016
16-0227,Black,2016
16-0228,Black,2016
16-0229,Other/NA,2016
16-0230,Black,2016
16-0231,Black,2016
16-0232,White,2016
16-0233,Black,2016
16-0234,Black,2016
16-0235,Black,2016
16-0236,Black,2016
16-0237,Black,2016
16-0238,Other/NA,2016
16-0239,White,2016
16-0240,Black,2016
16-0241,Black,2016
16-0242,Other/NA,2016
16-0243,Black,2016
16-0244,Other/NA,2016
16-0245,Black,2016
16-0246,Black,2016
16-0247,Black,2016
16-0248,Black,2016
16-0249,Other/NA,2016
16-0250,Black,2016
16-0251,Black,2016
16-0252,Black,2016
16-0253,White,2016
16-0254,Black,2016
16-0255,Other/NA,2016
16-0256,Black,2016
16-0257,Black,2016
16-0258,Black,2016
16-0259,Black,2016
16-0260,Black,2016
16-0261,White,2016
16-0262,Black,2016
16-0263,Black,2016
16-0264,White,2016
16-0265,Black,2016
16-0266,Black,2016
16-0267,Black,2016
16-0268,Black,2016
16-0269,Black,2016
16-0270,Black,2016
16-0271,Black,2016
16-0272,Other/NA,2016
16-0273,Black,2016
16-0274,Black,2016
16-0275,Other/NA,2016
16-0276,Black,2016
16-0277,White,2016
16-0278,White,2016
16-0279,White,2016
16-0280,Black,2016
16-0281,Other/NA,2016
16-0282,Black,2016
16-0283,Black,2016
16-0284,White,2016
16-0285,White,2016
16-0286,White,2016
16-0287,White,2016
16-0288,Black,2016
16-0289,Other/NA,2016
16-0290,White,2016
16-0291,Black,2016
16-0292,Other/NA,2016
16-0293,Black,2016
16-0294,White,2016
16-0295,Black,2016
16-0296,Black,2016
16-0297,Black,2016
16-0298,Black,2016
16-0299,Black,2016
16-0300,White,2016
16-0301,Black,2016
16-0303,Black,2016
16-0304,Black,2016
16-0305,Other/NA,2016
16-0306,Black,2016
16-0307,White,2016
16-0308,Black,2016
16-0309,Other/NA,2016
16-0310,Other/NA,2016
16-0311,Black,2016
16-0312,Other/NA,2016
16-0313,Black,2016
16-0314,Black,2016
16-0315,Black,2016
16-0316,Black,2016
16-0318,Black,2016
16-0319,Black,2016
16-0320,Other/NA,2016
16-0321,Black,2016
16-0322,White,2016
16-0323,White,2016
16-0324,Black,2016
16-0325,Other/NA,2016
16-0326,White,2016
16-0327,Other/NA,2016
16-0328,Black,2016
16-0329,Black,2016
16-0330,Black,2016
16-0331,Other/NA,2016
16-0332,Black,2016
16-0333,Other/NA,2016
16-0334,Other/NA,2016
16-0335,Other/NA,2016
16-0336,Black,2016
16-0338,Black,2016
16-0339,Black,2016
16-0340,Black,2016
16-0341,Other/NA,2016
16-0342,Other/NA,2016
16-0343,Other/NA,2016
16-0344,Black,2016
16-0345,Black,2016
16-0346,Black,2016
16-0347,Black,2016
16-0348,White,2016
16-0349,Other/NA,2016
16-0350,White,2016
16-0351,Other/NA,2016
16-0352,Black,2016
16-0353,Black,2016
16-0354,White,2016
16-0355,White,2016
16-0356,White,2016
16-0357,White,2016
16-0358,White,2016
16-0359,Black,2016
16-0360,White,2016
16-0362,Other/NA,2016
16-0363,Black,2016
16-0364,Black,2016
16-0365,Black,2016
16-0366,Black,2016
16-0367,White,2016
16-0368,Black,2016
16-0369,Other/NA,2016
16-0370,Other/NA,2016
16-0371,White,2016
16-0372,Black,2016
16-0373,Black,2016
16-0374,White,2016
16-0375,Black,2016
16-0376,Black,2016
16-0377,White,2016
16-0379,Other/NA,2016
16-0380,Other/NA,2016
16-0381,Other/NA,2016
16-0382,Black,2016
16-0383,White,2016
16-0384,White,2016
16-0385,Black,2016
16-0386,Black,2016
16-0387,Black,2016
16-0388,Black,2016
16-0389,Black,2016
16-0390,Black,2016
16-0391,Black,2016
16-0392,Black,2016
16-0393,Black,2016
16-0394,Black,2016
16-0395,Black,2016
16-0396,Black,2016
16-0397,Black,2016
16-0398,White,2016
16-0399,Black,2016
16-0400,Other/NA,2016
16-0401,White,2016
16-0402,Black,2016
16-0403,Black,2016
16-0404,Black,2016
16-0405,Black,2016
16-0406,Black,2016
16-0407,Black,2016
16-0408,Black,2016
16-0409,Black,2016
16-0410,White,2016
16-0411,White,2016
16-0412,White,2016
16-0413,White,2016
16-0414,Other/NA,2016
16-0415,Other/NA,2016
16-0416,Black,2016
16-0417,Black,2016
16-0418,Black,2016
16-0419,White,2016
16-0420,Other/NA,2016
16-0421,White,2016
16-0422,Black,2016
16-0423,White,2016
16-0424,Other/NA,2016
16-0425,Black,2016
16-0426,Black,2016
16-0427,White,2016
16-0428,Black,2016
16-0429,Black,2016
16-0430,Black,2016
16-0431,Other/NA,2016
16-0433,Black,2016
16-0434,Black,2016
16-0435,Black,2016
16-0436,Black,2016
16-0437,White,2016
16-0438,White,2016
16-0439,Black,2016
16-0440,White,2016
16-0441,Black,2016
16-0442,Black,2016
16-0443,Black,2016
16-0444,White,2016
16-0445,White,2016
16-0446,Black,2016
16-0447,White,2016
16-0448,Black,2016
16-0449,Black,2016
16-0450,Black,2016
16-0451,Black,2016
16-0452,Black,2016
16-0453,Other/NA,2016
16-0454,Black,2016
16-0455,Black,2016
16-0456,Black,2016
16-0457,Other/NA,2016
16-0458,Black,2016
16-0459,Black,2016
16-0460,Black,2016
16-0461,White,2016
16-0462,White,2016
16-0463,Other/NA,2016
16-0464,Black,2016
16-0465,Black,2016
16-0466,White,2016
16-0467,Other/NA,2016
16-0468,Other/NA,2016
16-0469,Black,2016
16-0470,Black,2016
16-0471,White,2016
16-0472,Black,2016
16-0473,Black,2016
16-0474,White,2016
16-0475,Black,2016
16-0476,Black,2016
16-0477,White,2016
16-0478,Black,2016
16-0479,Other/NA,2016
16-0480,White,2016
16-0481,Other/NA,2016
16-0482,Black,2016
16-0483,Other/NA,2016
16-0484,Black,2016
16-0485,Black,2016
16-0486,White,2016
16-0487,Other/NA,2016
16-0488,Black,2016
16-0489,Black,2016
16-0490,Black,2016
16-0491,Black,2016
16-0492,Black,2016
16-0493,Black,2016
16-0494,White,2016
16-0495,Other/NA,2016
16-0496,Other/NA,2016
16-0497,Black,2016
16-0498,Black,2016
16-0499,Black,2016
16-0500,Black,2016
16-0501,White,2016
16-0502,Black,2016
16-0503,Black,2016
16-0504,Black,2016
16-0505,Other/NA,2016
16-0506,White,2016
16-0507,Black,2016
16-0508,Black,2016
16-0509,Other/NA,2016
16-0510,White,2016
16-0511,Black,2016
16-0512,Black,2016
16-0513,Black,2016
16-0514,Black,2016
16-0515,Black,2016
16-0516,Black,2016
16-0517,Black,2016
16-0518,Black,2016
16-0519,Other/NA,2016
16-0520,Black,2016
16-0521,White,2016
16-0522,Other/NA,2016
16-0523,Black,2016
16-0524,White,2016
16-0525,Black,2016
16-0526,Black,2016
16-0527,Other/NA,2016
16-0528,Black,2016
16-0529,White,2016
16-0530,Black,2016
16-0531,White,2016
16-0532,Black,2016
16-0533,Black,2016
16-0534,White,2016
16-0535,Black,2016
16-0536,Black,2016
16-0537,Black,2016
16-0538,White,2016
16-0539,Black,2016
16-0540,Black,2016
16-0541,Black,2016
16-0542,Other/NA,2016
16-0543,Black,2016
16-0544,Other/NA,2016
16-0545,Black,2016
16-0546,White,2016
16-0547,Black,2016
16-0548,Black,2016
16-0549,Black,2016
16-0550,Black,2016
16-0551,Black,2016
16-0552,Other/NA,2016
16-0553,Black,2016
16-0554,Black,2016
16-0555,Other/NA,2016
16-0556,Black,2016
16-0557,Black,2016
16-0558,Black,2016
16-0559,Black,2016
16-0560,Black,2016
16-0561,Black,2016
16-0562,Black,2016
16-0563,Other/NA,2016
16-0564,Black,2016
16-0565,White,2016
16-0566,Black,2016
16-0567,White,2016
16-0568,White,2016
16-0569,Black,2016
16-0570,Other/NA,2016
16-0571,Black,2016
16-0572,White,2016
16-0573,Black,2016
16-0574,Other/NA,2016
16-0575,White,2016
16-0576,Black,2016
16-0577,Black,2016
16-0578,White,2016
16-0579,Black,2016
16-0580,White,2016
16-0581,Other/NA,2016
16-0582,Other/NA,2016
16-0583,White,2016
16-0584,Black,2016
16-0585,Black,2016
16-0586,Black,2016
16-0587,Black,2016
16-0588,Black,2016
16-0589,Other/NA,2016
16-0590,Black,2016
16-0591,White,2016
16-0592,Black,2016
16-0593,Other/NA,2016
16-0594,Black,2016
16-0595,Other/NA,2016
16-0596,Black,2016
16-0597,Black,2016
16-0598,Black,2016
16-0599,White,2016
16-0600,White,2016
16-0601,Other/NA,2016
16-0602,Black,2016
16-0603,Black,2016
16-0604,White,2016
16-0605,Black,2016
16-0606,Black,2016
16-0607,Black,2016
16-0608,Black,2016
16-0609,Black,2016
16-0610,Black,2016
16-0611,Black,2016
16-0612,Black,2016
16-0613,White,2016
16-0614,Black,2016
16-0615,Other/NA,2016
16-0616,Black,2016
16-0617,Other/NA,2016
16-0618,Black,2016
16-0619,White,2016
16-0620,White,2016
16-0621,Black,2016
16-0622,Other/NA,2016
16-0623,Black,2016
16-0624,White,2016
16-0625,Black,2016
16-0626,Black,2016
16-0627,Black,2016
16-0628,Other/NA,2016
16-0629,Black,2016
16-0630,Other/NA,2016
16-0631,Other/NA,2016
16-0632,White,2016
16-0633,White,2016
16-0634,Black,2016
16-0635,Black,2016
16-0636,Black,2016
16-0637,Black,2016
16-0638,Black,2016
16-0639,Black,2016
16-0640,Black,2016
16-0641,Black,2016
16-0642,Black,2016
16-0643,White,2016
16-0644,White,2016
16-0645,Black,2016
16-0646,Black,2016
16-0647,Black,2016
16-0648,Black,2016
16-0649,Black,2016
16-0650,White,2016
16-0651,Black,2016
16-0652,Black,2016
16-0653,Black,2016
16-0654,Black,2016
16-0655,Black,2016
16-0656,White,2016
16-0657,White,2016
16-0658,Black,2016
16-0659,Black,2016
16-0660,Black,2016
16-0661,Other/NA,2016
16-0662,Black,2016
16-0663,Black,2016
16-0664,White,2016
16-0665,White,2016
16-0666,White,2016
16-0667,White,2016
16-0668,Black,2016
16-0669,Black,2016
16-0670,Black,2016
16-0671,White,2016
16-0672,White,2016
16-0673,Other/NA,2016
16-0674,Black,2016
16-0675,Black,2016
16-0676,Other/NA,2016
16-0677,Black,2016
16-0678,White,2016
16-0679,White,2016
16-0680,Black,2016
16-0681,Black,2016
16-0682,Black,2016
16-0683,Black,2016
17-0001,Other/NA,2017
17-0002,Black,2017
17-0003,Black,2017
17-0004,White,2017
17-0005,Black,2017
17-0006,Black,2017
17-0007,Other/NA,2017
17-0008,Black,2017
17-0009,Other/NA,2017
17-0010,Other/NA,2017
17-0011,Black,2017
17-0012,Black,2017
17-0013,Black,2017
17-0014,Other/NA,2017
17-0015,Black,2017
17-0016,Other/NA,2017
17-0017,White,2017
17-0018,Black,2017
17-0019,Black,2017
17-0020,Black,2017
17-0021,White,2017
17-0022,Black,2017
17-0023,Other/NA,2017
17-0024,Black,2017
17-0025,Black,2017
17-0026,White,2017
17-0027,White,2017
17-0028,Black,2017
17-0029,Black,2017
17-0030,Black,2017
17-0031,Other/NA,2017
17-0033,Black,2017
17-0034,Other/NA,2017
17-0035,White,2017
17-0036,White,2017
17-0037,White,2017
17-0038,White,2017
17-0039,Black,2017
17-0040,Black,2017
17-0041,Black,2017
17-0042,Black,2017
17-0043,Black,2017
17-0044,Black,2017
17-0045,Black,2017
17-0046,Black,2017
17-0047,Black,2017
17-0048,Other/NA,2017
17-0049,Other/NA,2017
17-0050,Black,2017
17-0051,Black,2017
17-0052,Black,2017
17-0053,Black,2017
17-0054,Black,2017
17-0055,Other/NA,2017
17-0056,Black,2017
17-0057,Black,2017
17-0058,Black,2017
17-0059,Black,2017
17-0060,Black,2017
17-0061,Black,2017
17-0062,Black,2017
17-0063,Black,2017
17-0064,White,2017
17-0065,Black,2017
17-0066,Black,2017
17-0067,Black,2017
17-0068,Black,2017
17-0069,Black,2017
17-0070,Black,2017
17-0071,White,2017
17-0072,Black,2017
17-0073,Black,2017
17-0074,Black,2017
17-0075,White,2017
17-0076,Black,2017
17-0077,Other/NA,2017
17-0078,Black,2017
17-0079,White,2017
17-0080,Black,2017
17-0081,Other/NA,2017
17-0082,White,2017
17-0083,Black,2017
17-0084,Other/NA,2017
17-0085,Black,2017
17-0086,Black,2017
17-0087,Black,2017
17-0088,Black,2017
17-0089,Other/NA,2017
17-0090,Black,2017
17-0091,White,2017
17-0092,Black,2017
17-0093,Black,2017
17-0094,Black,2017
17-0095,Black,2017
17-0096,Black,2017
17-0097,Black,2017
17-0098,Black,2017
17-0099,Black,2017
17-0100,Black,2017
17-0101,Black,2017
17-0102,White,2017
17-0103,White,2017
17-0104,Black,2017
17-0105,Other/NA,2017
17-0106,Black,2017
17-0107,Black,2017
17-0108,Other/NA,2017
17-0109,Black,2017
17-0110,Black,2017
17-0111,Black,2017
17-0112,White,2017
17-0113,Other/NA,2017
17-0114,Black,2017
17-0115,White,2017
17-0116,Black,2017
17-0117,Other/NA,2017
17-0118,Other/NA,2017
17-0119,Other/NA,2017
17-0120,Other/NA,2017
17-0121,Black,2017
17-0122,Black,2017
17-0123,Black,2017
17-0124,Black,2017
17-0126,Black,2017
17-0127,Black,2017
17-0128,Black,2017
17-0129,Black,2017
17-0130,Black,2017
17-0131,White,2017
17-0132,Black,2017
17-0133,Black,2017
17-0134,Other/NA,2017
17-0135,Black,2017
17-0136,Black,2017
17-0137,White,2017
17-0138,Other/NA,2017
17-0139,Black,2017
17-0140,Black,2017
17-0141,White,2017
17-0142,Black,2017
17-0143,Black,2017
17-0144,White,2017
17-0145,Black,2017
17-0146,Black,2017
17-0147,White,2017
17-0148,Black,2017
17-0149,Black,2017
17-0150,Black,2017
17-0151,Black,2017
17-0152,Black,2017
17-0153,Black,2017
17-0154,White,2017
17-0155,Black,2017
17-0156,White,2017
17-0157,Black,2017
17-0158,Black,2017
17-0159,Black,2017
17-0160,Other/NA,2017
17-0161,Black,2017
17-0162,Other/NA,2017
17-0163,Black,2017
17-0164,Black,2017
17-0165,Black,2017
17-0166,Black,2017
17-0167,Black,2017
17-0168,Black,2017
17-0169,Black,2017
17-0170,Black,2017
17-0171,White,2017
17-0172,Black,2017
17-0173,Black,2017
17-0174,White,2017
17-0175,Black,2017
17-0176,Black,2017
17-0177,Black,2017
17-0178,White,2017
17-0179,Black,2017
17-0180,Black,2017
17-0181,Other/NA,2017
17-0182,White,2017
17-0183,White,2017
17-0184,Black,2017
17-0185,White,2017
17-0186,Other/NA,2017
17-0187,White,2017
17-0188,Other/NA,2017
17-0189,White,2017
17-0190,Black,2017
17-0191,Black,2017
17-0192,Black,2017
17-0193,White,2017
17-0194,Other/NA,2017
17-0195,Black,2017
17-0196,Black,2017
17-0197,Other/NA,2017
17-0198,Black,2017
17-0199,Other/NA,2017
17-0200,Other/NA,2017
17-0201,Black,2017
17-0202,Black,2017
17-0203,Black,2017
17-0204,Black,2017
17-0205,Other/NA,2017
17-0206,Black,2017
17-0207,Black,2017
17-0208,Black,2017
17-0209,White,2017
17-0210,Other/NA,2017
17-0211,Black,2017
17-0212,Black,2017
17-0213,Black,2017
17-0214,Black,2017
17-0215,Black,2017
17-0216,Black,2017
17-0217,White,2017
17-0218,White,2017
17-0219,White,2017
17-0220,Black,2017
17-0222,Other/NA,2017
17-0223,Black,2017
17-0224,Other/NA,2017
17-0225,Black,2017
17-0226,Black,2017
17-0227,Black,2017
17-0228,Black,2017
17-0229,White,2017
17-0230,Other/NA,2017
17-0231,Black,2017
17-0232,Black,2017
17-0233,Black,2017
17-0234,Black,2017
17-0235,Black,2017
17-0236,Black,2017
17-0237,White,2017
17-0238,Other/NA,2017
17-0239,Black,2017
17-0240,Black,2017
17-0241,Black,2017
17-0242,Black,2017
17-0243,Black,2017
17-0244,White,2017
17-0245,Black,2017
17-0246,White,2017
17-0247,White,2017
17-0248,Black,2017
17-0249,White,2017
17-0250,White,2017
17-0251,Black,2017
17-0252,White,2017
17-0253,Black,2017
17-0254,Black,2017
17-0255,Black,2017
17-0256,Black,2017
17-0257,White,2017
17-0258,Black,2017
17-0259,Black,2017
17-0260,Black,2017
17-0261,Black,2017
17-0262,Black,2017
17-0263,Black,2017
17-0264,Other/NA,2017
17-0265,White,2017
17-0266,Black,2017
17-0268,Black,2017
17-0269,Black,2017
17-0270,White,2017
17-0271,Black,2017
17-0272,Black,2017
17-0273,Other/NA,2017
17-0274,Other/NA,2017
17-0275,Black,2017
17-0276,White,2017
17-0277,Black,2017
17-0278,Other/NA,2017
17-0279,Other/NA,2017
17-0280,Black,2017
17-0281,Other/NA,2017
17-0282,Black,2017
17-0283,Black,2017
17-0284,Black,2017
17-0285,White,2017
17-0286,Black,2017
17-0287,White,2017
17-0288,Black,2017
17-0289,Black,2017
17-0290,Black,2017
17-0291,White,2017
17-0292,Black,2017
17-0293,Black,2017
17-0294,Black,2017
17-0295,Other/NA,2017
17-0296,White,2017
17-0297,Black,2017
17-0298,Black,2017
17-0299,Black,2017
17-0300,Other/NA,2017
17-0301,Black,2017
17-0302,Black,2017
17-0303,Other/NA,2017
17-0304,Black,2017
17-0305,Other/NA,2017
17-0306,Black,2017
17-0307,Black,2017
17-0308,Black,2017
17-0309,Black,2017
17-0310,Black,2017
17-0311,Black,2017
17-0312,Black,2017
17-0313,Black,2017
17-0314,Black,2017
17-0315,Black,2017
17-0316,Black,2017
17-0317,White,2017
17-0318,Black,2017
17-0319,Black,2017
17-0320,Other/NA,2017
17-0321,Black,2017
17-0322,Black,2017
17-0323,Black,2017
17-0324,Black,2017
17-0325,Black,2017
17-0326,Black,2017
17-0327,Other/NA,2017
17-0328,Black,2017
17-0329,Black,2017
17-0330,Black,2017
17-0331,Black,2017
17-0332,Black,2017
17-0333,Black,2017
17-0334,Black,2017
17-0335,White,2017
17-0336,Black,2017
17-0337,Black,2017
17-0338,Black,2017
17-0339,White,2017
17-0340,Black,2017
17-0341,Black,2017
17-0342,Other/NA,2017
17-0343,Black,2017
17-0344,Other/NA,2017
17-0345,Black,2017
17-0346,Black,2017
17-0347,White,2017
17-0348,Other/NA,2017
17-0349,White,2017
17-0350,White,2017
17-0351,Other/NA,2017
17-0352,White,2017
17-0353,Black,2017
17-0354,Black,2017
17-0355,Other/NA,2017
17-0356,Black,2017
17-0357,Black,2017
17-0358,Black,2017
17-0359,Black,2017
17-0360,Black,2017
17-0361,Black,2017
17-0362,Other/NA,2017
17-0363,Black,2017
17-0364,Black,2017
17-0365,Black,2017
17-0366,White,2017
17-0367,White,2017
17-0368,Other/NA,2017
17-0369,Black,2017
17-0370,Black,2017
17-0371,Black,2017
17-0372,Black,2017
17-0373,Black,2017
17-0374,Black,2017
17-0375,Other/NA,2017
17-0376,Black,2017
17-0377,Black,2017
17-0378,Black,2017
17-0379,White,2017
17-0380,White,2017
17-0381,Other/NA,2017
17-0382,Black,2017
17-0383,Black,2017
17-0384,Black,2017
17-0385,Black,2017
17-0386,Black,2017
17-0387,Other/NA,2017
17-0388,Other/NA,2017
17-0389,Black,2017
17-0390,White,2017
17-0391,Black,2017
17-0392,White,2017
17-0393,Other/NA,2017
17-0394,Black,2017
17-0395,Other/NA,2017
17-0396,Other/NA,2017
17-0397,Other/NA,2017
17-0398,Black,2017
17-0399,Black,2017
17-0400,Black,2017
17-0401,Other/NA,2017
17-0402,Black,2017
17-0403,Black,2017
17-0404,Black,2017
17-0405,Other/NA,2017
17-0406,Black,2017
17-0407,Other/NA,2017
17-0408,Other/NA,2017
17-0409,Black,2017
17-0410,Other/NA,2017
17-0411,Black,2017
17-0412,Black,2017
17-0413,Black,2017
17-0414,White,2017
17-0415,Black,2017
17-0416,Black,2017
17-0417,White,2017
17-0418,Black,2017
17-0419,Black,2017
17-0420,Other/NA,2017
17-0421,Black,2017
17-0422,White,2017
17-0423,White,2017
17-0424,White,2017
17-0425,Black,2017
17-0426,Black,2017
17-0427,Black,2017
17-0428,Black,2017
17-0429,Black,2017
17-0430,Other/NA,2017
17-0431,Other/NA,2017
17-0432,Other/NA,2017
17-0433,Black,2017
17-0434,White,2017
17-0435,Other/NA,2017
17-0436,Black,2017
17-0437,Black,2017
17-0438,Black,2017
17-0439,Black,2017
17-0440,White,2017
17-0441,Other/NA,2017
17-0443,Black,2017
17-0444,Black,2017
17-0445,Black,2017
17-0446,Black,2017
17-0447,Black,2017
17-0448,Other/NA,2017
17-0449,White,2017
17-0450,White,2017
17-0451,Black,2017
17-0452,White,2017
17-0453,Other/NA,2017
17-0454,Black,2017
17-0455,Other/NA,2017
17-0456,Black,2017
17-0457,Black,2017
17-0458,Other/NA,2017
17-0459,Other/NA,2017
17-0460,White,2017
17-0461,Black,2017
17-0462,Black,2017
17-0463,Black,2017
17-0464,Other/NA,2017
17-0465,White,2017
17-0466,Other/NA,2017
17-0467,Black,2017
17-0468,Black,2017
17-0469,White,2017
17-0470,Black,2017
17-0471,Black,2017
17-0472,White,2017
17-0473,Black,2017
17-0474,Black,2017
17-0475,White,2017
17-0476,White,2017
17-0477,Black,2017
17-0478,Black,2017
17-0479,Black,2017
17-0480,White,2017
17-0481,Black,2017
17-0482,Other/NA,2017
17-0483,Black,2017
17-0484,Other/NA,2017
17-0485,Black,2017
17-0486,Black,2017
17-0487,White,2017
17-0488,Black,2017
17-0489,Black,2017
17-0490,Black,2017
17-0491,White,2017
17-0492,Black,2017
17-0493,White,2017
17-0494,Black,2017
17-0495,Black,2017
17-0497,Other/NA,2017
17-0498,White,2017
17-0499,Black,2017
17-0500,Black,2017
17-0501,Black,2017
17-0502,Black,2017
17-0503,Black,2017
17-0504,White,2017
17-0505,Other/NA,2017
17-0506,Black,2017
17-0507,White,2017
17-0508,White,2017
17-0509,Black,2017
17-0510,Black,2017
17-0511,Black,2017
17-0512,Black,2017
17-0513,Black,2017
17-0514,Other/NA,2017
17-0515,Black,2017
17-0516,Other/NA,2017
17-0517,Other/NA,2017
17-0518,Other/NA,2017
17-0519,Black,2017
17-0520,Black,2017
17-0521,Black,2017
17-0522,Other/NA,2017
17-0523,Black,2017
17-0524,Black,2017
17-0526,Black,2017
17-0527,Black,2017
17-0528,Black,2017
17-0529,Other/NA,2017
17-0530,White,2017
17-0531,Other/NA,2017
17-0532,White,2017
17-0533,Black,2017
17-0534,White,2017
17-0535,Black,2017
17-0536,Black,2017
17-0537,Black,2017
17-0538,Black,2017
17-0539,Black,2017
17-0540,Black,2017
17-0541,Black,2017
17-0542,White,2017
17-0543,Other/NA,2017
17-0544,White,2017
17-0545,Other/NA,2017
17-0546,Black,2017
17-0547,Other/NA,2017
17-0548,Black,2017
17-0549,Other/NA,2017
17-0550,Black,2017
17-0551,Black,2017
17-0552,Black,2017
17-0553,Other/NA,2017
17-0554,Black,2017
17-0555,Other/NA,2017
17-0556,White,2017
17-0557,Black,2017
17-0558,White,2017
17-0559,Other/NA,2017
17-0560,Black,2017
17-0561,Black,2017
17-0562,White,2017
17-0564,Other/NA,2017
17-0565,Black,2017
17-0566,White,2017
17-0567,Other/NA,2017
17-0568,Black,2017
17-0569,Other/NA,2017
17-0570,Black,2017
17-0571,Other/NA,2017
17-0572,Black,2017
17-0573,White,2017
17-0574,Black,2017
17-0575,White,2017
17-0576,White,2017
17-0577,Black,2017
17-0578,Black,2017
17-0579,Other/NA,2017
17-0580,Other/NA,2017
17-0581,White,2017
17-0582,Other/NA,2017
17-0583,Black,2017
17-0584,Black,2017
17-0585,Other/NA,2017
17-0586,Black,2017
17-0587,Black,2017
17-0588,Black,2017
17-0589,Black,2017
17-0590,White,2017
17-0591,Black,2017
17-0592,Black,2017
17-0593,Black,2017
17-0594,Black,2017
17-0595,Black,2017
17-0596,White,2017
17-0597,Black,2017
17-0598,White,2017
17-0599,Black,2017
17-0600,Black,2017
17-0601,Other/NA,2017
17-0602,Black,2017
17-0603,White,2017
17-0604,White,2017
17-0605,Other/NA,2017
17-0606,Other/NA,2017
17-0607,Black,2017
17-0608,White,2017
17-0609,Black,2017
17-0610,Black,2017
17-0611,Black,2017
17-0612,Black,2017
17-0613,Black,2017
17-0614,White,2017
17-0615,Black,2017
17-0616,White,2017
17-0617,Black,2017
17-0618,Black,2017
17-0619,Other/NA,2017
17-0620,Black,2017
17-0621,Black,2017
17-0622,Black,2017
17-0623,Black,2017
17-0624,Black,2017
17-0625,Black,2017
17-0626,Other/NA,2017
17-0627,White,2017
17-0628,Black,2017
17-0629,Black,2017
17-0630,Black,2017
17-0631,Black,2017
17-0632,Black,2017
17-0633,Black,2017
17-0634,White,2017
17-0635,Other/NA,2017
17-0636,Other/NA,2017
17-0637,Black,2017
17-0638,Black,2017
17-0639,Black,2017
17-0640,Black,2017
17-0641,Other/NA,2017
17-0643,Black,2017
17-0644,Black,2017
17-0645,Black,2017
17-0646,Black,2017
17-0647,Black,2017
17-0648,Black,2017
17-0649,White,2017
17-0650,Black,2017
17-0651,Black,2017
17-0652,Other/NA,2017
17-0653,Black,2017
18-0001,Other/NA,2018
18-0002,Black,2018
18-0003,Black,2018
18-0004,Black,2018
18-0005,Black,2018
18-0006,White,2018
18-0007,Black,2018
18-0008,Black,2018
18-0009,Black,2018
18-0010,White,2018
18-0011,Black,2018
18-0012,Black,2018
18-0013,Black,2018
18-0014,White,2018
18-0015,Black,2018
18-0016,Black,2018
18-0017,Other/NA,2018
18-0018,Black,2018
18-0019,Black,2018
18-0020,White,2018
18-0021,Black,2018
18-0022,Other/NA,2018
18-0023,White,2018
18-0024,Black,2018
18-0025,Black,2018
18-0026,Black,2018
18-0027,Black,2018
18-0028,White,2018
18-0029,White,2018
18-0030,White,2018
18-0031,White,2018
18-0032,Black,2018
18-0033,Black,2018
18-0034,Black,2018
18-0035,Black,2018
18-0036,Other/NA,2018
18-0037,Black,2018
18-0038,Black,2018
18-0039,Black,2018
18-0040,White,2018
18-0041,Black,2018
18-0042,White,2018
18-0043,Black,2018
18-0044,Black,2018
18-0045,Black,2018
18-0046,Black,2018
18-0047,Black,2018
18-0048,Black,2018
18-0049,Black,2018
18-0050,Black,2018
18-0051,Black,2018
18-0052,Black,2018
18-0053,Black,2018
18-0054,Black,2018
18-0055,Black,2018
18-0056,Black,2018
18-0057,Black,2018
18-0058,Black,2018
18-0059,Black,2018
18-0060,Black,2018
18-0061,Other/NA,2018
18-0062,Black,2018
18-0063,Other/NA,2018
18-0064,Black,2018
18-0065,Black,2018
18-0066,Black,2018
18-0067,Black,2018
18-0068,Black,2018
18-0069,Black,2018
18-0070,Black,2018
18-0071,Black,2018
18-0072,Other/NA,2018
18-0073,Black,2018
18-0075,Black,2018
18-0076,Other/NA,2018
18-0077,Other/NA,2018
18-0078,Black,2018
18-0079,Other/NA,2018
18-0080,Black,2018
18-0081,Black,2018
18-0083,Black,2018
18-0084,Black,2018
18-0086,Black,2018
18-0087,White,2018
18-0088,Other/NA,2018
18-0089,Other/NA,2018
18-0091,White,2018
18-0092,Other/NA,2018
18-0093,Other/NA,2018
18-0094,White,2018
18-0095,Other/NA,2018
18-0096,Black,2018
18-0097,Black,2018
18-0098,Other/NA,2018
18-0099,Other/NA,2018
18-0100,Black,2018
18-0101,Black,2018
18-0102,Other/NA,2018
18-0103,Black,2018
18-0104,Black,2018
18-0105,Black,2018
18-0106,Black,2018
18-0107,Black,2018
18-0108,Black,2018
18-0109,Other/NA,2018
18-0110,Black,2018
18-0111,Black,2018
18-0112,White,2018
18-0113,Black,2018
18-0114,Black,2018
18-0115,Black,2018
18-0116,Black,2018
18-0117,Black,2018
18-0118,Other/NA,2018
18-0119,Other/NA,2018
18-0120,Other/NA,2018
18-0121,Black,2018
18-0122,Black,2018
18-0123,Black,2018
18-0124,Other/NA,2018
18-0125,Other/NA,2018
18-0126,Black,2018
18-0127,White,2018
18-0128,White,2018
18-0129,White,2018
18-0131,Black,2018
18-0132,Black,2018
18-0133,Other/NA,2018
18-0134,Black,2018
18-0135,White,2018
18-0136,Black,2018
18-0137,Other/NA,2018
18-0138,Black,2018
18-0139,Other/NA,2018
18-0140,Black,2018
18-0141,White,2018
18-0142,Black,2018
18-0143,Other/NA,2018
18-0144,Black,2018
18-0145,White,2018
18-0146,Black,2018
18-0147,Black,2018
18-0148,Other/NA,2018
18-0149,Black,2018
18-0150,Black,2018
18-0151,Black,2018
18-0152,Black,2018
18-0153,Black,2018
18-0155,Black,2018
18-0156,Other/NA,2018
18-0157,Other/NA,2018
18-0158,White,2018
18-0159,Black,2018
18-0160,White,2018
18-0161,Black,2018
18-0162,White,2018
18-0163,White,2018
18-0164,Other/NA,2018
18-0165,Black,2018
18-0166,White,2018
18-0167,Black,2018
18-0168,Black,2018
18-0169,Other/NA,2018
18-0170,Black,2018
18-0171,Black,2018
18-0172,Black,2018
18-0173,Black,2018
18-0174,White,2018
18-0175,White,2018
18-0176,White,2018
18-0177,Black,2018
18-0178,Black,2018
18-0179,Black,2018
18-0180,White,2018
18-0181,Black,2018
18-0182,Black,2018
18-0183,Black,2018
18-0184,Black,2018
18-0185,Black,2018
18-0186,Black,2018
18-0187,White,2018
18-0188,Black,2018
18-0189,Black,2018
18-0190,Black,2018
18-0191,Black,2018
18-0192,Other/NA,2018
18-0193,Black,2018
18-0194,Other/NA,2018
18-0195,Black,2018
18-0196,White,2018
18-0197,Black,2018
18-0198,Other/NA,2018
18-0199,Black,2018
18-0200,White,2018
18-0201,Other/NA,2018
18-0202,Other/NA,2018
18-0203,Black,2018
18-0204,Black,2018
18-0205,Other/NA,2018
18-0206,Other/NA,2018
18-0207,White,2018
18-0208,White,2018
18-0209,Black,2018
18-0210,Black,2018
18-0211,Black,2018
18-0212,Black,2018
18-0213,Black,2018
18-0214,Black,2018
18-0215,Black,2018
18-0216,Other/NA,2018
18-0217,Other/NA,2018
18-0218,White,2018
18-0220,Other/NA,2018
18-0221,White,2018
18-0222,Black,2018
18-0223,Black,2018
18-0224,Other/NA,2018
18-0225,Other/NA,2018
18-0226,Black,2018
18-0227,Other/NA,2018
18-0228,Black,2018
18-0229,Black,2018
18-0230,Other/NA,2018
18-0231,Black,2018
18-0232,White,2018
18-0233,Black,2018
18-0234,Other/NA,2018
18-0235,Black,2018
18-0237,White,2018
18-0238,Black,2018
18-0239,Black,2018
18-0240,Black,2018
18-0241,Other/NA,2018
18-0242,Other/NA,2018
18-0243,Other/NA,2018
18-0244,White,2018
18-0245,Black,2018
18-0246,Black,2018
18-0247,Black,2018
18-0248,Other/NA,2018
18-0249,Black,2018
18-0250,Black,2018
18-0251,Black,2018
18-0252,Black,2018
18-0253,Black,2018
18-0254,White,2018
18-0255,Black,2018
18-0256,Black,2018
18-0257,Black,2018
18-0258,Black,2018
18-0259,Other/NA,2018
18-0260,Black,2018
18-0261,Black,2018
18-0263,Black,2018
18-0265,White,2018
18-0266,Other/NA,2018
18-0267,Other/NA,2018
18-0268,Black,2018
18-0269,Other/NA,2018
18-0270,Black,2018
18-0271,Black,2018
18-0272,Black,2018
18-0273,Other/NA,2018
18-0274,White,2018
18-0275,Black,2018
18-0276,Black,2018
18-0277,Black,2018
18-0278,Black,2018
18-0279,Other/NA,2018
18-0280,White,2018
18-0281,Black,2018
18-0283,Black,2018
18-0284,White,2018
18-0285,Black,2018
18-0286,Black,2018
18-0287,White,2018
18-0288,Black,2018
18-0289,Black,2018
18-0290,Other/NA,2018
18-0291,Black,2018
18-0292,Black,2018
18-0293,Black,2018
18-0294,Other/NA,2018
18-0295,Black,2018
18-0296,Black,2018
18-0297,White,2018
18-0298,Other/NA,2018
18-0299,Black,2018
18-0300,Black,2018
18-0301,Black,2018
18-0302,Other/NA,2018
18-0303,Other/NA,2018
18-0304,Black,2018
18-0305,Other/NA,2018
18-0306,Other/NA,2018
18-0307,Black,2018
18-0308,Black,2018
18-0309,Black,2018
18-0310,Black,2018
18-0311,Other/NA,2018
18-0312,Black,2018
18-0313,White,2018
18-0314,Black,2018
18-0315,Black,2018
18-0316,Black,2018
18-0317,White,2018
18-0318,White,2018
18-0319,Other/NA,2018
18-0320,Black,2018
18-0321,Black,2018
18-0322,Other/NA,2018
18-0323,Black,2018
18-0324,Black,2018
18-0325,White,2018
18-0326,Black,2018
18-0327,White,2018
18-0328,White,2018
18-0329,Other/NA,2018
18-0330,Black,2018
18-0331,Black,2018
18-0332,Black,2018
18-0333,White,2018
18-0334,Black,2018
18-0335,Other/NA,2018
18-0336,Black,2018
18-0337,White,2018
18-0338,White,2018
18-0339,Black,2018
18-0340,Black,2018
18-0341,White,2018
18-0342,Black,2018
18-0343,Black,2018
18-0344,Black,2018
18-0345,Other/NA,2018
18-0346,White,2018
18-0347,Black,2018
18-0348,Black,2018
18-0349,Other/NA,2018
18-0350,Black,2018
18-0351,Black,2018
18-0352,Other/NA,2018
18-0353,Other/NA,2018
18-0354,White,2018
18-0355,Black,2018
18-0356,White,2018
18-0357,Black,2018
18-0358,Black,2018
18-0359,Black,2018
18-0360,White,2018
18-0361,Other/NA,2018
18-0362,Black,2018
18-0363,White,2018
18-0364,Black,2018
18-0365,Black,2018
18-0366,White,2018
18-0367,Black,2018
18-0368,White,2018
18-0369,Black,2018
18-0370,Black,2018
18-0371,Other/NA,2018
18-0372,Black,2018
18-0373,Other/NA,2018
18-0374,Other/NA,2018
18-0375,Other/NA,2018
18-0376,White,2018
18-0377,White,2018
18-0378,Black,2018
18-0379,Other/NA,2018
18-0380,Black,2018
18-0381,Black,2018
18-0382,Black,2018
18-0383,Black,2018
18-0384,Black,2018
18-0385,Black,2018
18-0386,Black,2018
18-0387,Black,2018
18-0388,Black,2018
18-0389,Black,2018
18-0390,Other/NA,2018
18-0391,Other/NA,2018
18-0392,Black,2018
18-0393,White,2018
18-0394,White,2018
18-0396,White,2018
18-0397,Black,2018
18-0398,Black,2018
18-0399,White,2018
18-0400,White,2018
18-0401,Other/NA,2018
18-0402,White,2018
18-0403,Other/NA,2018
18-0404,Black,2018
18-0405,Black,2018
18-0406,Other/NA,2018
18-0407,White,2018
18-0408,White,2018
18-0409,Other/NA,2018
18-0410,Black,2018
18-0411,Black,2018
18-0412,White,2018
18-0413,Black,2018
18-0414,Black,2018
18-0415,Black,2018
18-0416,Black,2018
18-0417,Other/NA,2018
18-0418,Black,2018
18-0419,Black,2018
18-0420,Black,2018
18-0421,White,2018
18-0422,White,2018
18-0423,Black,2018
18-0424,White,2018
18-0425,White,2018
18-0426,Black,2018
18-0427,Black,2018
18-0428,Black,2018
18-0429,Other/NA,2018
18-0430,Black,2018
18-0431,Other/NA,2018
18-0432,Other/NA,2018
18-0433,Black,2018
18-0434,Black,2018
18-0435,White,2018
18-0436,Black,2018
18-0437,Black,2018
18-0438,White,2018
18-0439,Black,2018
18-0440,Black,2018
18-0441,Other/NA,2018
18-0442,Other/NA,2018
18-0443,Black,2018
18-0444,Black,2018
18-0445,Black,2018
18-0446,Black,2018
18-0447,Other/NA,2018
18-0448,Black,2018
18-0449,White,2018
18-0450,Black,2018
18-0451,Black,2018
18-0452,Black,2018
18-0453,Black,2018
18-0454,Other/NA,2018
18-0455,Black,2018
18-0456,White,2018
18-0457,Black,2018
18-0458,White,2018
18-0459,Black,2018
18-0460,White,2018
18-0461,Other/NA,2018
18-0462,Black,2018
18-0463,Black,2018
18-0464,White,2018
18-0465,White,2018
18-0466,White,2018
18-0467,Other/NA,2018
18-0468,White,2018
18-0469,Black,2018
18-0470,Black,2018
18-0471,Black,2018
18-0472,Other/NA,2018
18-0473,Black,2018
18-0474,Black,2018
18-0475,Black,2018
18-0476,Black,2018
18-0477,Black,2018
18-0478,Other/NA,2018
18-0479,Black,2018
18-0480,White,2018
18-0481,Black,2018
18-0483,Other/NA,2018
18-0484,Black,2018
18-0485,Other/NA,2018
18-0486,Black,2018
18-0487,Black,2018
18-0488,Black,2018
18-0489,White,2018
18-0490,White,2018
18-0491,Black,2018
18-0492,Black,2018
18-0493,Black,2018
18-0494,Black,2018
18-0495,Black,2018
18-0496,Other/NA,2018
18-0497,Black,2018
18-0498,Black,2018
18-0499,Black,2018
18-0500,Black,2018
18-0501,Black,2018
18-0502,Black,2018
18-0503,Other/NA,2018
18-0504,Other/NA,2018
18-0505,Black,2018
18-0506,Black,2018
18-0507,Black,2018
18-0508,Other/NA,2018
18-0509,White,2018
18-0510,Black,2018
18-0511,White,2018
18-0512,Other/NA,2018
18-0513,Black,2018
18-0514,Other/NA,2018
18-0515,Black,2018
18-0516,Black,2018
18-0517,Black,2018
18-0518,Black,2018
18-0519,Black,2018
18-0520,Black,2018
18-0521,Black,2018
18-0522,Black,2018
18-0524,Black,2018
18-0525,Black,2018
18-0526,Black,2018
18-0527,Black,2018
18-0528,Black,2018
18-0529,Black,2018
18-0530,White,2018
18-0531,Black,2018
18-0532,Black,2018
18-0533,Black,2018
18-0534,Black,2018
18-0535,Black,2018
18-0536,White,2018
18-0537,Other/NA,2018
18-0538,Black,2018
18-0539,Black,2018
18-0540,Black,2018
18-0541,White,2018
18-0542,Black,2018
18-0543,White,2018
18-0544,Black,2018
18-0545,Black,2018
18-0546,Black,2018
18-0547,Other/NA,2018
18-0548,Black,2018
18-0549,White,2018
18-0550,Black,2018
18-0551,Black,2018
18-0552,Black,2018
18-0553,White,2018
18-0554,Black,2018
18-0555,Black,2018
18-0556,Black,2018
18-0557,Other/NA,2018
18-0558,Black,2018
18-0559,White,2018
18-0560,Black,2018
18-0561,Black,2018
18-0562,White,2018
18-0563,Other/NA,2018
18-0564,Other/NA,2018
18-0565,Black,2018
18-0566,White,2018
18-0567,Other/NA,2018
18-0568,Black,2018
18-0569,Black,2018
18-0570,Black,2018
18-0571,Black,2018
18-0572,Black,2018
18-0573,Black,2018
18-0574,Black,2018
18-0575,Other/NA,2018
18-0576,Black,2018
18-0577,Other/NA,2018
18-0578,Black,2018
18-0579,Other/NA,2018
18-0580,Black,2018
18-0581,Other/NA,2018
18-0582,Other/NA,2018
18-0583,White,2018
18-0584,Other/NA,2018
18-0585,White,2018
18-0586,Black,2018
18-0587,Other/NA,2018
18-0588,Black,2018
18-0589,Black,2018
18-0590,Black,2018
18-0591,White,2018
18-0592,Black,2018
18-0593,Black,2018
18-0594,Black,2018
18-0595,Other/NA,2018
18-0596,White,2018
18-0597,Black,2018
18-0598,Black,2018
18-0599,White,2018
18-0600,White,2018
18-0601,Other/NA,2018
18-0602,White,2018
18-0603,Other/NA,2018
18-0604,White,2018
18-0605,White,2018
18-0606,Black,2018
18-0607,White,2018
18-0608,Other/NA,2018
18-0609,Other/NA,2018
18-0610,Black,2018
18-0611,White,2018
18-0612,White,2018
18-0613,Black,2018
18-0614,Black,2018
18-0615,White,2018
18-0616,Other/NA,2018
18-0617,Black,2018
18-0618,Other/NA,2018
18-0619,Black,2018
18-0620,Black,2018
18-0621,Black,2018
18-0622,Black,2018
18-0623,Black,2018
18-0624,Black,2018
19-0001,Black,2019
19-0002,Other/NA,2019
19-0003,Black,2019
19-0004,Black,2019
19-0005,Other/NA,2019
19-0006,White,2019
19-0007,Black,2019
19-0008,Black,2019
19-0009,Black,2019
19-0010,Black,2019
19-0011,Black,2019
19-0012,Black,2019
19-0013,White,2019
19-0014,Black,2019
19-0015,Black,2019
19-0016,Black,2019
19-0017,Black,2019
19-0018,Black,2019
19-0019,Other/NA,2019
19-0020,White,2019
19-0021,Black,2019
19-0022,White,2019
19-0023,White,2019
19-0024,Black,2019
19-0025,White,2019
19-0026,White,2019
19-0027,Black,2019
19-0028,Other/NA,2019
19-0029,White,2019
19-0030,White,2019
19-0031,Black,2019
19-0032,Black,2019
19-0033,Black,2019
19-0034,Black,2019
19-0035,Other/NA,2019
19-0036,Black,2019
19-0037,White,2019
19-0038,Black,2019
19-0040,White,2019
19-0041,Black,2019
19-0042,Black,2019
19-0043,Other/NA,2019
19-0044,White,2019
19-0045,Black,2019
19-0046,Other/NA,2019
19-0047,Black,2019
19-0048,White,2019
19-0049,Black,2019
19-0050,White,2019
19-0051,White,2019
19-0052,White,2019
19-0053,Other/NA,2019
19-0054,Other/NA,2019
19-0055,Black,2019
19-0056,Black,2019
19-0057,White,2019
19-0058,Black,2019
19-0059,White,2019
19-0060,Other/NA,2019
19-0061,Other/NA,2019
19-0062,Black,2019
19-0063,White,2019
19-0064,Black,2019
19-0066,Black,2019
19-0067,Black,2019
19-0068,Black,2019
19-0069,White,2019
19-0070,Other/NA,2019
19-0071,Other/NA,2019
19-0072,Other/NA,2019
19-0073,Black,2019
19-0074,Black,2019
19-0075,White,2019
19-0076,White,2019
19-0077,Other/NA,2019
19-0078,Other/NA,2019
19-0079,Other/NA,2019
19-0080,Black,2019
19-0081,Other/NA,2019
19-0082,Black,2019
19-0083,Black,2019
19-0084,Other/NA,2019
19-0085,Black,2019
19-0086,Black,2019
19-0087,Other/NA,2019
19-0088,White,2019
19-0089,Black,2019
19-0090,Other/NA,2019
19-0091,Black,2019
19-0092,Black,2019
19-0093,Other/NA,2019
19-0094,Black,2019
19-0095,Other/NA,2019
19-0096,Black,2019
19-0097,Black,2019
19-0098,Black,2019
19-0099,Black,2019
19-0100,White,2019
19-0101,Black,2019
19-0102,Black,2019
19-0103,Black,2019
19-0104,Black,2019
19-0105,White,2019
19-0106,Black,2019
19-0107,Black,2019
19-0108,White,2019
19-0109,White,2019
19-0110,Black,2019
19-0111,Black,2019
19-0112,Black,2019
19-0113,Black,2019
19-0114,White,2019
19-0116,Black,2019
19-0117,Black,2019
19-0118,Black,2019
19-0119,Other/NA,2019
19-0120,White,2019
19-0121,Other/NA,2019
19-0122,Black,2019
19-0123,Black,2019
19-0124,Other/NA,2019
19-0125,Other/NA,2019
19-0126,Other/NA,2019
19-0127,Black,2019
19-0128,Black,2019
19-0129,Black,2019
19-0130,Other/NA,2019
19-0131,Black,2019
19-0132,Black,2019
19-0133,White,2019
19-0134,Black,2019
19-0135,Other/NA,2019
19-0136,White,2019
19-0137,Other/NA,2019
19-0138,Other/NA,2019
19-0139,Black,2019
19-0140,Black,2019
19-0141,Other/NA,2019
19-0142,Black,2019
19-0143,White,2019
19-0144,Other/NA,2019
19-0145,Other/NA,2019
19-0146,Black,2019
19-0147,White,2019
19-0148,Black,2019
19-0149,Black,2019
19-0150,Black,2019
19-0151,Black,2019
19-0152,Black,2019
19-0153,Other/NA,2019
19-0154,Black,2019
19-0155,Other/NA,2019
19-0156,Black,2019
19-0157,White,2019
19-0158,Black,2019
19-0159,Other/NA,2019
19-0161,Other/NA,2019
19-0162,Other/NA,2019
19-0163,Black,2019
19-0164,Black,2019
19-0165,Black,2019
19-0166,Other/NA,2019
19-0167,Black,2019
19-0168,White,2019
19-0169,Black,2019
19-0170,Other/NA,2019
19-0171,Other/NA,2019
19-0172,Black,2019
19-0173,Other/NA,2019
19-0174,White,2019
19-0175,White,2019
19-0176,Other/NA,2019
19-0177,Black,2019
19-0178,White,2019
19-0179,Black,2019
19-0180,Other/NA,2019
19-0181,Black,2019
19-0182,White,2019
19-0183,Black,2019
19-0184,Black,2019
19-0185,Black,2019
19-0186,Black,2019
19-0187,Other/NA,2019
19-0188,Black,2019
19-0189,Other/NA,2019
19-0190,Black,2019
19-0191,Black,2019
19-0192,Black,2019
19-0193,Black,2019
19-0194,Other/NA,2019
19-0196,Other/NA,2019
19-0197,White,2019
19-0198,Black,2019
19-0199,Other/NA,2019
19-0200,Black,2019
19-0201,White,2019
19-0202,Black,2019
19-0203,Other/NA,2019
19-0204,Black,2019
19-0205,Black,2019
19-0206,Black,2019
19-0207,Black,2019
19-0208,Black,2019
19-0209,Black,2019
19-0210,Black,2019
19-0211,Other/NA,2019
19-0212,Black,2019
19-0213,White,2019
19-0214,Black,2019
19-0215,Other/NA,2019
19-0216,Other/NA,2019
19-0217,Black,2019
19-0218,Black,2019
19-0219,Black,2019
19-0220,Other/NA,2019
19-0221,White,2019
19-0222,Other/NA,2019
19-0223,Black,2019
19-0224,White,2019
19-0225,Black,2019
19-0226,White,2019
19-0227,White,2019
19-0228,Black,2019
19-0229,Black,2019
19-0230,Other/NA,2019
19-0232,White,2019
19-0233,Black,2019
19-0234,Other/NA,2019
19-0235,Other/NA,2019
19-0236,White,2019
19-0237,Black,2019
19-0238,Black,2019
19-0239,Black,2019
19-0240,Black,2019
19-0241,White,2019
19-0242,Black,2019
19-0243,Black,2019
19-0244,Black,2019
19-0246,White,2019
19-0248,White,2019
19-0249,Black,2019
19-0250,White,2019
19-0251,Black,2019
19-0252,Black,2019
19-0253,Other/NA,2019
19-0254,Black,2019
19-0255,Black,2019
19-0256,Black,2019
19-0257,Black,2019
19-0258,Black,2019
19-0259,White,2019
19-0260,White,2019
19-0261,Other/NA,2019
19-0262,Other/NA,2019
19-0263,White,2019
19-0264,White,2019
19-0265,Black,2019
19-0266,Black,2019
19-0267,Black,2019
19-0268,White,2019
19-0269,Black,2019
19-0270,Other/NA,2019
19-0271,Black,2019
19-0273,Black,2019
19-0274,Black,2019
19-0275,White,2019
19-0276,Other/NA,2019
19-0278,White,2019
19-0279,Other/NA,2019
19-0280,Black,2019
19-0281,White,2019
19-0282,Other/NA,2019
19-0283,Black,2019
19-0284,Other/NA,2019
19-0285,Other/NA,2019
19-0286,Black,2019
19-0287,Black,2019
19-0288,Black,2019
19-0289,Black,2019
19-0290,Other/NA,2019
19-0291,Black,2019
19-0292,Other/NA,2019
19-0293,Black,2019
19-0294,Black,2019
19-0295,Black,2019
19-0296,White,2019
19-0297,White,2019
19-0298,Black,2019
19-0299,Black,2019
19-0300,Black,2019
19-0301,Other/NA,2019
19-0302,Black,2019
19-0303,Black,2019
19-0304,Black,2019
19-0305,Black,2019
19-0306,Black,2019
19-0307,Other/NA,2019
19-0308,Black,2019
19-0309,Black,2019
19-0310,Other/NA,2019
19-0311,White,2019
19-0312,Black,2019
19-0313,White,2019
19-0314,Black,2019
19-0315,Black,2019
19-0317,Black,2019
19-0318,Other/NA,2019
19-0319,Black,2019
19-0320,Black,2019
19-0321,Black,2019
19-0322,Black,2019
19-0323,Black,2019
19-0324,Black,2019
19-0325,Black,2019
19-0326,Black,2019
19-0327,Other/NA,2019
19-0328,Black,2019
19-0329,Black,2019
19-0330,Black,2019
19-0331,White,2019
19-0332,Black,2019
19-0333,Black,2019
19-0334,Black,2019
19-0335,White,2019
19-0336,Black,2019
19-0337,Black,2019
19-0338,Black,2019
19-0339,Black,2019
19-0340,White,2019
19-0341,Black,2019
19-0342,Black,2019
19-0343,Black,2019
19-0344,Black,2019
19-0345,Black,2019
19-0346,Black,2019
19-0347,White,2019
19-0348,Black,2019
19-0349,Other/NA,2019
19-0350,Black,2019
19-0351,Other/NA,2019
19-0352,Black,2019
19-0353,Black,2019
19-0354,Black,2019
19-0355,Black,2019
19-0356,Black,2019
19-0357,Black,2019
19-0358,White,2019
19-0359,Black,2019
19-0360,Black,2019
19-0361,Other/NA,2019
19-0362,White,2019
19-0363,White,2019
19-0364,Other/NA,2019
19-0365,Black,2019
19-0366,Other/NA,2019
19-0367,White,2019
19-0368,Black,2019
19-0369,Black,2019
19-0370,Black,2019
19-0371,Other/NA,2019
19-0372,Other/NA,2019
19-0373,Black,2019
19-0374,Black,2019
19-0375,Black,2019
19-0376,Black,2019
19-0377,Black,2019
19-0378,Black,2019
19-0379,Black,2019
19-0380,Other/NA,2019
19-0381,White,2019
19-0382,Black,2019
19-0383,Black,2019
19-0384,Other/NA,2019
19-0385,Black,2019
19-0386,Black,2019
19-0387,White,2019
19-0388,Other/NA,2019
19-0389,Black,2019
19-0390,Black,2019
19-0391,Black,2019
19-0392,Black,2019
19-0393,Black,2019
19-0394,Black,2019
19-0395,Black,2019
19-0396,White,2019
19-0397,White,2019
19-0398,Other/NA,2019
19-0399,Black,2019
19-0400,Black,2019
19-0401,Other/NA,2019
19-0402,Black,2019
19-0403,Black,2019
19-0405,Black,2019
19-0406,Black,2019
19-0407,Black,2019
19-0408,Other/NA,2019
19-0409,Other/NA,2019
19-0410,White,2019
19-0411,Other/NA,2019
19-0412,Black,2019
19-0413,Other/NA,2019
19-0414,Black,2019
19-0415,Black,2019
19-0416,Black,2019
19-0417,Black,2019
19-0418,Black,2019
19-0419,Other/NA,2019
19-0420,Black,2019
19-0421,White,2019
19-0422,Black,2019
19-0423,Black,2019
19-0424,Other/NA,2019
19-0425,Black,2019
19-0426,Black,2019
19-0427,Other/NA,2019
19-0428,Black,2019
19-0429,Black,2019
19-0430,White,2019
19-0431,Black,2019
19-0432,Black,2019
19-0433,Black,2019
19-0434,Black,2019
19-0435,White,2019
19-0436,White,2019
19-0437,White,2019
19-0439,Other/NA,2019
19-0440,Black,2019
19-0441,Other/NA,2019
19-0442,White,2019
19-0443,Black,2019
19-0444,Black,2019
19-0445,Black,2019
19-0446,Black,2019
19-0447,White,2019
19-0448,Black,2019
19-0449,Black,2019
19-0450,Black,2019
19-0451,Black,2019
19-0452,Black,2019
19-0453,Other/NA,2019
19-0454,Black,2019
19-0455,Black,2019
19-0456,Other/NA,2019
19-0457,White,2019
19-0458,Black,2019
19-0459,Black,2019
19-0460,Black,2019
19-0461,Other/NA,2019
19-0462,Black,2019
19-0463,Black,2019
19-0464,Other/NA,2019
19-0465,Black,2019
19-0466,Black,2019
19-0467,White,2019
19-0468,Other/NA,2019
19-0469,Black,2019
19-0470,White,2019
19-0471,Black,2019
19-0472,Other/NA,2019
19-0473,Black,2019
19-0474,Black,2019
19-0475,Other/NA,2019
19-0476,Black,2019
19-0477,Other/NA,2019
19-0478,Black,2019
19-0480,Other/NA,2019
19-0481,Black,2019
19-0482,Black,2019
19-0483,Black,2019
19-0484,Black,2019
19-0485,Black,2019
19-0486,Black,2019
19-0487,Other/NA,2019
19-0488,Black,2019
19-0489,Black,2019
19-0490,White,2019
19-0491,White,2019
19-0492,Other/NA,2019
19-0493,Black,2019
19-0495,Black,2019
19-0496,Black,2019
19-0497,Black,2019
19-0498,Black,2019
19-0499,Black,2019
19-0500,Black,2019
19-0501,Other/NA,2019
19-0502,Black,2019
19-0503,White,2019
19-0504,Other/NA,2019
19-0505,Black,2019
19-0506,Black,2019
19-0507,Black,2019
19-0508,Black,2019
19-0509,Black,2019
19-0510,Black,2019
19-0511,Black,2019
19-0512,Black,2019
19-0513,White,2019
19-0514,Other/NA,2019
19-0515,White,2019
19-0516,Black,2019
19-0517,White,2019
19-0518,Black,2019
19-0519,Black,2019
19-0520,Black,2019
19-0521,Black,2019
19-0522,Black,2019
19-0523,Black,2019
19-0524,Black,2019
19-0525,White,2019
19-0526,Black,2019
19-0527,Black,2019
19-0528,Black,2019
19-0529,Black,2019
19-0530,White,2019
19-0531,White,2019
19-0532,Black,2019
19-0533,Black,2019
19-0534,Black,2019
19-0535,Black,2019
19-0536,Other/NA,2019
19-0537,White,2019
19-0538,Black,2019
19-0539,Other/NA,2019
19-0540,Other/NA,2019
19-0541,Black,2019
19-0542,Black,2019
19-0543,Other/NA,2019
19-0544,White,2019
19-0545,Other/NA,2019
19-0547,Other/NA,2019
19-0548,Black,2019
19-0549,Black,2019
19-0550,White,2019
19-0551,Other/NA,2019
19-0553,Black,2019
19-0554,Black,2019
19-0555,Other/NA,2019
19-0556,Black,2019
19-0557,Other/NA,2019
19-0558,Black,2019
19-0559,Other/NA,2019
19-0560,White,2019
19-0561,Black,2019
19-0562,White,2019
19-0563,Other/NA,2019
19-0564,Black,2019
19-0565,Black,2019
19-0566,Other/NA,2019
19-0567,Other/NA,2019
19-0568,Other/NA,2019
19-0569,Other/NA,2019
19-0570,White,2019
19-0571,White,2019
19-0572,Black,2019
19-0573,Black,2019
19-0574,Black,2019
19-0575,Black,2019
19-0576,Other/NA,2019
19-0577,Other/NA,2019
19-0578,White,2019
19-0579,Black,2019
19-0580,White,2019
19-0581,Other/NA,2019
19-0582,White,2019
19-0583,White,2019
19-0584,Other/NA,2019
19-0585,Other/NA,2019
19-0586,Other/NA,2019
19-0587,Black,2019
19-0588,Other/NA,2019
19-0589,Other/NA,2019
19-0590,Black,2019
19-0591,Other/NA,2019
19-0592,Black,2019
19-0593,Black,2019
19-0594,Black,2019
19-0595,Other/NA,2019
19-0596,Black,2019
19-0597,Other/NA,2019
19-0598,Other/NA,2019
19-0599,Black,2019
19-0600,White,2019
19-0601,Black,2019
19-0602,White,2019
19-0603,White,2019
19-0604,White,2019
19-0605,Black,2019
19-0606,Other/NA,2019
19-0607,Black,2019
19-0608,Black,2019
19-0609,Black,2019
19-0610,Other/NA,2019
19-0611,Other/NA,2019
19-0612,Black,2019
19-0613,Black,2019
19-0614,White,2019
19-0615,White,2019
19-0616,Black,2019
19-0617,Black,2019
19-0618,Black,2019
19-0619,Black,2019
19-0620,Black,2019
19-0621,White,2019
19-0622,Black,2019
19-0623,Other/NA,2019
19-0624,Black,2019
19-0625,White,2019
19-0626,Black,2019
19-0627,Black,2019
19-0629,Black,2019
19-0630,Black,2019
19-0631,Black,2019
19-0632,Other/NA,2019
19-0633,Black,2019
19-0634,White,2019
19-0635,Black,2019
19-0636,Other/NA,2019
19-0637,Black,2019
19-0638,Black,2019
19-0639,Other/NA,2019
19-0640,Black,2019
19-0641,White,2019
19-0642,Black,2019
19-0643,White,2019
19-0644,Black,2019
19-0645,White,2019
19-0646,White,2019
19-0647,Black,2019
19-0648,White,2019
19-0649,Other/NA,2019
19-0650,Other/NA,2019
19-0651,White,2019
19-0652,Black,2019
19-0653,Black,2019
19-0654,Black,2019
19-0655,Black,2019
19-0656,Other/NA,2019
19-0657,Black,2019
19-0658,Black,2019
19-0659,Black,2019
19-0660,Black,2019
19-0661,White,2019
19-0662,White,2019
19-0664,Black,2019
19-0665,White,2019
19-0666,Black,2019
19-0667,Black,2019
19-0668,Other/NA,2019
19-0669,White,2019
19-0670,Other/NA,2019
19-0671,Black,2019
19-0672,Black,2019
19-0673,White,2019
19-0675,Other/NA,2019
19-0676,Black,2019
19-0677,Black,2019
19-0678,White,2019
19-0679,White,2019
19-0681,White,2019
19-0682,White,2019
20-0001,Black,2020
20-0002,Other/NA,2020
20-0003,Black,2020
20-0004,Black,2020
20-0005,Other/NA,2020
20-0006,White,2020
20-0007,White,2020
20-0008,Black,2020
20-0009,White,2020
20-0010,Black,2020
20-0011,Black,2020
20-0012,Black,2020
20-0013,Black,2020
20-0014,Other/NA,2020
20-0015,Black,2020
20-0016,Black,2020
20-0017,Black,2020
20-0018,Other/NA,2020
20-0019,Black,2020
20-0020,Black,2020
20-0021,White,2020
20-0022,Black,2020
20-0023,Black,2020
20-0024,Other/NA,2020
20-0025,Black,2020
20-0026,Black,2020
20-0027,Black,2020
20-0028,Black,2020
20-0029,Black,2020
20-0030,Black,2020
20-0031,Black,2020
20-0032,Other/NA,2020
20-0033,Black,2020
20-0034,Black,2020
20-0035,Black,2020
20-0036,Black,2020
20-0037,Other/NA,2020
20-0038,Black,2020
20-0039,Black,2020
20-0040,Other/NA,2020
20-0041,Other/NA,2020
20-0042,Black,2020
20-0043,Other/NA,2020
20-0044,Black,2020
20-0045,Black,2020
20-0046,Other/NA,2020
20-0047,Black,2020
20-0048,White,2020
20-0049,Other/NA,2020
20-0050,Black,2020
20-0051,Other/NA,2020
20-0052,Black,2020
20-0053,White,2020
20-0054,Black,2020
20-0055,Black,2020
20-0056,White,2020
20-0057,Other/NA,2020
20-0058,Black,2020
20-0059,White,2020
20-0060,White,2020
20-0061,Black,2020
20-0062,Other/NA,2020
20-0063,Other/NA,2020
20-0064,White,2020
20-0065,Black,2020
20-0066,Black,2020
20-0067,Black,2020
20-0068,White,2020
20-0069,White,2020
20-0070,Black,2020
20-0071,Black,2020
20-0072,Black,2020
20-0073,Black,2020
20-0074,Black,2020
20-0075,Other/NA,2020
20-0076,Black,2020
20-0077,Black,2020
20-0078,Black,2020
20-0079,White,2020
20-0080,White,2020
20-0081,White,2020
20-0082,Other/NA,2020
20-0083,Black,2020
20-0084,Other/NA,2020
20-0085,Other/NA,2020
20-0086,Black,2020
20-0087,Black,2020
20-0088,Black,2020
20-0089,Other/NA,2020
20-0090,Other/NA,2020
20-0091,Black,2020
20-0092,White,2020
20-0093,White,2020
20-0094,Other/NA,2020
20-0095,White,2020
20-0096,Black,2020
20-0097,Black,2020
20-0098,Black,2020
20-0099,Other/NA,2020
20-0100,Black,2020
20-0101,Black,2020
20-0102,Black,2020
20-0103,Black,2020
20-0104,Black,2020
20-0105,Black,2020
20-0106,White,2020
20-0107,Other/NA,2020
20-0108,Black,2020
20-0109,White,2020
20-0110,Other/NA,2020
20-0111,Black,2020
20-0112,Black,2020
20-0113,Black,2020
20-0114,Black,2020
20-0115,White,2020
20-0116,Black,2020
20-0117,Black,2020
20-0118,Other/NA,2020
20-0119,Black,2020
20-0120,Black,2020
20-0121,Black,2020
20-0122,Other/NA,2020
20-0123,Black,2020
20-0124,Other/NA,2020
20-0125,White,2020
20-0127,Black,2020
20-0128,Black,2020
20-0129,Other/NA,2020
20-0130,Black,2020
20-0131,Black,2020
20-0132,White,2020
20-0133,White,2020
20-0134,Other/NA,2020
20-0135,Black,2020
20-0136,Black,2020
20-0137,Black,2020
20-0138,Other/NA,2020
20-0139,Other/NA,2020
20-0140,Black,2020
20-0141,Black,2020
20-0142,Black,2020
20-0143,Other/NA,2020
20-0144,Black,2020
20-0145,White,2020
20-0146,Other/NA,2020
20-0148,Black,2020
20-0149,Black,2020
20-0150,Black,2020
20-0151,Other/NA,2020
20-0152,White,2020
20-0153,Other/NA,2020
20-0154,White,2020
20-0155,White,2020
20-0156,Black,2020
20-0157,Black,2020
20-0158,Black,2020
20-0159,Black,2020
20-0160,Other/NA,2020
20-0162,Other/NA,2020
20-0163,Other/NA,2020
20-0164,Other/NA,2020
20-0165,Black,2020
20-0166,White,2020
20-0167,Black,2020
20-0168,Other/NA,2020
20-0169,White,2020
20-0170,Other/NA,2020
20-0171,Other/NA,2020
20-0172,Black,2020
20-0173,White,2020
20-0174,Black,2020
20-0175,White,2020
20-0176,Black,2020
20-0177,Black,2020
20-0178,Other/NA,2020
20-0179,Black,2020
20-0180,Black,2020
20-0181,Black,2020
